"name","service","project","image","image_id","health","restart_policy","networks","published_ports","volumes","revision"
"codestra-agent-desktop-preview","","","codestra/agent-desktop:preview-6101","sha256:9d01eff55f0f823d9faae1c51ffe71685663c24bc0bbdbb9da49bfe39f22e791","none","unless-stopped","codestra_edge","127.0.0.1:31880->80/tcp","",""
"codestra-agent-desktop-sipjs-staging","","","ghcr.io/codestra-srl/codestra-agent-desktop@sha256:c13d32c0780b4d56934888d32193b4d5f052c7671eba01f1ff6a257f6440a0d7","sha256:c13d32c0780b4d56934888d32193b4d5f052c7671eba01f1ff6a257f6440a0d7","none","unless-stopped","codestra_edge","127.0.0.1:31881->8080/tcp","","9118e5bc01f9ce4a52add8753c096d061cd84848"
"codestra-appolon-middleware-integration-api-1","appolon-middleware-integration-api","codestra","ghcr.io/appolon1908-hue/codestra-middleware@sha256:695fa3ce3f50ba4d0ae0784976b946a0a683ca731155e4bd3bd9e90a4670b820","sha256:695fa3ce3f50ba4d0ae0784976b946a0a683ca731155e4bd3bd9e90a4670b820","healthy","unless-stopped","codestra-identity_identity_service;codestra-kong_kong_backend;codestra_backend","","","f6748a58f8d2590520a4f28776770957061cdea1"
"codestra-backup-1","backup","codestra","postgres@sha256:ef257d85f76e48da1c64832459b59fcaba1a4dac97bf5d7450c77753542eee94","sha256:ef257d85f76e48da1c64832459b59fcaba1a4dac97bf5d7450c77753542eee94","healthy","unless-stopped","codestra_backend","","/opt/codestra/backups:/backups;codestra_postgres_data:/source/postgres;codestra_odoo_data:/source/odoo;codestra_n8n_data:/source/n8n;624467b48b797b0acadd9632052fdeeb22e94c9b295d3166d2e3a60b79b6a0ef:/var/lib/postgresql/data;/opt/codestra:/source/config",""
"codestra-beyvra-email-api-1","api","codestra-beyvra-email","codestra/beyvra-email:canonical-co-20260820","sha256:a226db03c6fce98f81c02e78bab96a2beb452a27dd79308c921e85bfa664aa52","healthy","unless-stopped","codestra_backend;codestra_edge","","/secrets/[REDACTED]/database-url:/run/secrets/[REDACTED];/secrets/[REDACTED]/postal-webhook-secret:/run/secrets/[REDACTED];/secrets/[REDACTED]/postal-webhook-token:/run/secrets/[REDACTED];/secrets/[REDACTED]/provider-webhook-secret:/run/secrets/[REDACTED]",""
"codestra-caddy-upstream-gateway","upstream-gateway","caddy-upstream-gateway","caddy:2.11.4-alpine","sha256:5f5c8640aae01df9654968d946d8f1a56c497f1dd5c5cda4cf95ab7c14d58648","healthy","unless-stopped","codestra-identity-staging_service;codestra-identity_identity_service;codestra-n8n-staging_edge;codestra_backend;codestra_edge","127.0.0.1:18101-18116->18101-18116/tcp","/opt/codestra/caddy-upstream-gateway/Caddyfile:/etc/caddy/Caddyfile",""
"codestra-email-reseller-api-1","api","codestra-email-reseller","codestra-email-reseller-api","sha256:8d7bb50e8787c110a7930fadb0c69a44ba075c70cb5e035118d9f334b1211e08","healthy","unless-stopped","codestra_backend;codestra_edge","127.0.0.1:18180->8080/tcp","/etc/codestra/mtls/clients/klyrow:/run/codestra-mtls/klyrow;/secrets/[REDACTED]/email-database-url:/run/secrets/[REDACTED];/opt/codestra/safety/live-delivery-admission.sh:/usr/local/bin/live-delivery-admission",""
"codestra-identity-auth-gateway-1","auth-gateway","codestra-identity","quay.io/oauth2-proxy/oauth2-proxy@sha256:aa0bd8dd5ab0c78e4c91c92755ad573a5f92241f88138b4141b8ec803463b4fd","sha256:aa0bd8dd5ab0c78e4c91c92755ad573a5f92241f88138b4141b8ec803463b4fd","healthy","unless-stopped","codestra-identity_identity_service;codestra_backend;codestra_edge","","/opt/codestra/identity-platform/gateway/oauth2-proxy.cfg:/etc/oauth2-proxy/oauth2-proxy.cfg",""
"codestra-identity-identity-db-1","identity-db","codestra-identity","postgres@sha256:ef257d85f76e48da1c64832459b59fcaba1a4dac97bf5d7450c77753542eee94","sha256:ef257d85f76e48da1c64832459b59fcaba1a4dac97bf5d7450c77753542eee94","healthy","unless-stopped","codestra-identity_identity_db","","/secrets/[REDACTED]/postgres_password:/run/secrets/[REDACTED];codestra-identity_identity_postgres_data:/var/lib/postgresql/data",""
"codestra-identity-keycloak-1","keycloak","codestra-identity","quay.io/keycloak/keycloak@sha256:2eb3cd316835c990e69e26ade292ffa78f6fb0db7d5fc6377463c162e1979ac0","sha256:2eb3cd316835c990e69e26ade292ffa78f6fb0db7d5fc6377463c162e1979ac0","healthy","unless-stopped","codestra-identity_identity_db;codestra-identity_identity_service","","/opt/codestra/identity-platform/realms/codestra-realm.json:/opt/keycloak/data/import/codestra-realm.json;/secrets/[REDACTED]/keycloak.conf:/run/secrets/[REDACTED]","df15afa5a3a8a2b10021f879ffa93b30fb36c73a"
"codestra-identity-staging-identity-db-staging-1","identity-db-staging","codestra-identity-staging","postgres@sha256:ef257d85f76e48da1c64832459b59fcaba1a4dac97bf5d7450c77753542eee94","sha256:ef257d85f76e48da1c64832459b59fcaba1a4dac97bf5d7450c77753542eee94","healthy","unless-stopped","codestra-identity-staging_identity_staging_db","","codestra-identity-staging_identity_staging_postgres_data:/var/lib/postgresql/data",""
"codestra-identity-staging-keycloak-staging-1","keycloak-staging","codestra-identity-staging","quay.io/keycloak/keycloak@sha256:2eb3cd316835c990e69e26ade292ffa78f6fb0db7d5fc6377463c162e1979ac0","sha256:2eb3cd316835c990e69e26ade292ffa78f6fb0db7d5fc6377463c162e1979ac0","healthy","unless-stopped","codestra-identity-staging_identity_staging_db;codestra-identity-staging_service","","/opt/codestra/staging/identity-s1/codestra-realm.json:/opt/keycloak/data/import/codestra-realm.json","df15afa5a3a8a2b10021f879ffa93b30fb36c73a"
"codestra-integration-control-plane-api-1","api","codestra-integration-control-plane","codestra-integration-control-plane-api","sha256:646b7f2a611b26986b81c143661b14e825ac977f9b3f84274fc8432f501e90f9","healthy","unless-stopped","codestra_backend;codestra_edge","127.0.0.1:8096->8096/tcp","/secrets/[REDACTED]/control-plane-database-url:/run/secrets/[REDACTED];/etc/codestra/auth-verifiers/crm-gateway-secret.sha256:/run/secrets/[REDACTED];/etc/codestra/runtime-secrets/control-plane/klyrow-mtls-ca:/run/secrets/[REDACTED];/etc/codestra/runtime-secrets/control-plane/klyrow-mtls-cert:/run/secrets/[REDACTED];/etc/codestra/auth-verifiers/control-plane-kong-gateway-secret.sha256:/run/secrets/[REDACTED];/etc/codestra/runtime-secrets/control-plane/cod-web-out-canary-recipient:/run/secrets/[REDACTED];/etc/codestra/runtime-secrets/control-plane/klyrow-mtls-key:/run/secrets/[REDACTED];/etc/codestra/runtime-secrets/control-plane/klyrow-oidc-client-secret:/run/secrets/[REDACTED];/opt/codestra/safety/live-delivery-admission.sh:/usr/local/bin/live-delivery-admission","44d2addf48ae31da6eeb3c3f9ab3fe34d999042c"
"codestra-integration-control-plane-worker-1","worker","codestra-integration-control-plane","codestra-integration-control-plane-worker","sha256:646b7f2a611b26986b81c143661b14e825ac977f9b3f84274fc8432f501e90f9","none","unless-stopped","codestra_backend;codestra_edge","","/opt/codestra/safety/live-delivery-admission.sh:/usr/local/bin/live-delivery-admission;/etc/codestra/runtime-secrets/control-plane/cod-web-out-canary-recipient:/run/secrets/[REDACTED];/secrets/[REDACTED]/control-plane-database-url:/run/secrets/[REDACTED];/etc/codestra/runtime-secrets/control-plane/klyrow-mtls-ca:/run/secrets/[REDACTED];/etc/codestra/runtime-secrets/control-plane/klyrow-mtls-cert:/run/secrets/[REDACTED];/etc/codestra/runtime-secrets/control-plane/klyrow-mtls-key:/run/secrets/[REDACTED];/etc/codestra/runtime-secrets/control-plane/klyrow-oidc-client-secret:/run/secrets/[REDACTED]","44d2addf48ae31da6eeb3c3f9ab3fe34d999042c"
"codestra-kong-identity-certification-1","identity-certification","codestra-kong","codestra/identity-certification:canonical-co-20260820","sha256:ffceaad23a8daf61bed7a069499c341ae2495b48dd77ca492ee965b761ff55af","healthy","unless-stopped","codestra_backend;codestra_edge","","/secrets/[REDACTED]/database-url:/run/secrets/[REDACTED];/opt/codestra/safety/live-delivery-admission.sh:/usr/local/bin/live-delivery-admission",""
"codestra-kong-kong-db-1","kong-db","codestra-kong","postgres@sha256:ef257d85f76e48da1c64832459b59fcaba1a4dac97bf5d7450c77753542eee94","sha256:ef257d85f76e48da1c64832459b59fcaba1a4dac97bf5d7450c77753542eee94","healthy","unless-stopped","codestra-kong_kong_backend","","codestra-kong_kong_db_data:/var/lib/postgresql/data",""
"codestra-kong-kong-gateway-1","kong-gateway","codestra-kong","kong/kong-gateway:3.14.0.1-ubuntu","sha256:9cb0429e4641d29189118b20ef0a195569b9d65ef0536bc57907797874071689","healthy","unless-stopped","codestra-kong_kong_backend;codestra_edge","127.0.0.1:8000-8002->8000-8002/tcp","/opt/codestra/kong/logs:/var/log/kong;/opt/codestra/kong/plugins/codestra-gateway-identity:/usr/local/share/lua/5.1/kong/plugins/codestra-gateway-identity;/secrets/[REDACTED]/shared-secret:/run/secrets/[REDACTED]","6d5c260a6d40a07f40344bd51bb1d7d60df4a559"
"codestra-kong-kong-test-upstream-1","kong-test-upstream","codestra-kong","nginx:1.29.1-alpine","sha256:42a516af16b852e33b7682d5ef8acbd5d13fe08fecadc7ed98605ba5e3b26ab8","healthy","unless-stopped","codestra_edge","","/opt/codestra/kong/config/test-nginx.conf:/etc/nginx/conf.d/default.conf",""
"codestra-kong-service-auth-adapter-1","adapter","codestra-kong-service-auth","codestra/kong-service-auth-adapter:20260820","sha256:aa1d68841f4fdddac0c445d26a953fdbfe1e311a0540a3a1c588a8b98af1ec71","healthy","unless-stopped","codestra_edge","","/secrets/[REDACTED]/crm-gateway-secret:/run/secrets/[REDACTED];/secrets/[REDACTED]/sms-gateway-token:/run/secrets/[REDACTED]",""
"codestra-mail-api-mail-api-1","mail-api","codestra-mail-api","codestra/mail-api:20260822","sha256:7495d5f0d79f027456ed61b7c3c2ea9331c228f3d2e10bceef3178eef5a62594","healthy","unless-stopped","codestra_edge","","/opt/codestra/mail-platform-isolated:/var/lib/codestra-mail",""
"codestra-mail-isolated-stalwart-1","stalwart","codestra-mail-isolated","stalwartlabs/stalwart:v0.16","sha256:9ed1d343243b7aa72969e372a7240b7ddea07730781d4b68a0dc3d8d51c418bb","healthy","unless-stopped","codestra-mail-isolated_mail-private","127.0.0.1:28443->443/tcp;127.0.0.1:2587->587/tcp;127.0.0.1:2993->993/tcp;127.0.0.1:28080->8080/tcp","codestra-mail-isolated_stalwart-etc:/etc/stalwart;codestra-mail-isolated_stalwart-data:/var/lib/stalwart","d08305df2e865ccf8b0676fd63ebd37d25aef787"
"codestra-middleware-1","middleware","codestra","codestra/middleware:health-contract-b3ca9aa","sha256:5dd751a9da60e2417c9ee553ddea68f54e76981dcc896eb3676b27617d121f38","healthy","unless-stopped","codestra-identity_identity_service;codestra-odoo19-module-staging_isolated;codestra-provisioning-service_private;codestra_backend;codestra_edge","","/secrets/[REDACTED]/database_url:/run/secrets/[REDACTED];/secrets/[REDACTED]/middleware_secret:/run/secrets/[REDACTED];/secrets/[REDACTED]/odoo_identity_hmac:/run/secrets/[REDACTED]/identity_hmac;/secrets/[REDACTED]/provisioning/client_secret:/run/secrets/[REDACTED]/client_secret;/secrets/[REDACTED]/quarantine-encryption-key:/run/secrets/[REDACTED];/secrets/[REDACTED]/quarantine-fingerprint-key:/run/secrets/[REDACTED];/secrets/[REDACTED]/quarantine-reviewer-key:/run/secrets/[REDACTED];/secrets/[REDACTED]:/run/secrets/[REDACTED];/secrets/[REDACTED]/provisioning/ca.crt:/run/secrets/[REDACTED]/ca.crt;/secrets/[REDACTED]/redis_url:/run/secrets/[REDACTED];/secrets/[REDACTED]/keys.json:/run/secrets/[REDACTED];/secrets/[REDACTED]:/run/secrets/[REDACTED];/secrets/[REDACTED]/webhook_shared_secret:/run/secrets/[REDACTED];/opt/codestra/safety/live-delivery-admission.sh:/usr/local/bin/live-delivery-admission","b3ca9aa458fef843e3065aeff3397c656349f138"
"codestra-middleware-breero-odoo-worker-1","middleware-breero-odoo-worker","codestra","codestra/middleware:breero-51416422","sha256:961c0569a5033cdb494d211fd32cfe20d7efd42d3900f02c2d3f0ac7bfdcfa63","healthy","unless-stopped","codestra_backend","","/secrets/[REDACTED]/middleware-integration-api-database-url:/run/secrets/[REDACTED];/secrets/[REDACTED]/quarantine-encryption-key:/run/secrets/[REDACTED];/secrets/[REDACTED]/quarantine-fingerprint-key:/run/secrets/[REDACTED];/secrets/[REDACTED]:/run/secrets/[REDACTED];/secrets/[REDACTED]:/run/secrets/[REDACTED];/secrets/[REDACTED]/api-key:/run/secrets/[REDACTED];/secrets/[REDACTED]/redis_url:/run/secrets/[REDACTED];/secrets/[REDACTED]/middleware_secret:/run/secrets/[REDACTED];/secrets/[REDACTED]/webhook_shared_secret:/run/secrets/[REDACTED];/secrets/[REDACTED]/keys.json:/run/secrets/[REDACTED];/opt/codestra/safety/live-delivery-admission.sh:/usr/local/bin/live-delivery-admission","51416422eaaa959c8c7223ad1434287597eb8007"
"codestra-middleware-event-gateway-1","middleware-event-gateway","codestra","codestra/middleware:webhook-cert-pg-20260816","sha256:93cbb4a11765ad92e9bbf1a1bb9601f15a540164b4e7d6647cb0f16d588ab6e0","healthy","unless-stopped","codestra_backend;codestra_edge","","/secrets/[REDACTED]/middleware-event-gateway-database-url:/run/secrets/[REDACTED];/secrets/[REDACTED]/quarantine-fingerprint-key:/run/secrets/[REDACTED];/secrets/[REDACTED]/redis_url:/run/secrets/[REDACTED];/secrets/[REDACTED]/keys-readiness.json:/run/secrets/[REDACTED];/secrets/[REDACTED]/webhook_shared_secret:/run/secrets/[REDACTED];/opt/codestra/safety/live-delivery-admission.sh:/usr/local/bin/live-delivery-admission;/secrets/[REDACTED]/staging-hmac:/run/secrets/[REDACTED];/secrets/[REDACTED]:/run/secrets/[REDACTED];/secrets/[REDACTED]/middleware_secret:/run/secrets/[REDACTED];/secrets/[REDACTED]/quarantine-encryption-key:/run/secrets/[REDACTED];/secrets/[REDACTED]:/run/secrets/[REDACTED];/secrets/[REDACTED]:/run/secrets/[REDACTED];/secrets/[REDACTED]/identities.json:/run/secrets/[REDACTED];/secrets/[REDACTED]/production-hmac:/run/secrets/[REDACTED]","4a3ac0b57a61baf63310c55048a7897556faa9a972083b86761e91391ae2317b"
"codestra-middleware-evidence-runner-1","middleware-evidence-runner","codestra","codestra/middleware@sha256:1a9e13a0c930d36076b5742e17f948dc85d9bc6ace90e58052756c8b1ad42700","sha256:1a9e13a0c930d36076b5742e17f948dc85d9bc6ace90e58052756c8b1ad42700","healthy","unless-stopped","codestra_backend","","/opt/codestra/safety/live-delivery-admission.sh:/usr/local/bin/live-delivery-admission;/secrets/[REDACTED]/middleware-evidence-runner-database-url:/run/secrets/[REDACTED];/secrets/[REDACTED]/middleware_secret:/run/secrets/[REDACTED];/secrets/[REDACTED]/redis_url:/run/secrets/[REDACTED];/secrets/[REDACTED]/webhook_shared_secret:/run/secrets/[REDACTED]","b3ca9aa458fef843e3065aeff3397c656349f138"
"codestra-middleware-extension-allocator-1","middleware-extension-allocator","codestra","codestra/middleware@sha256:1a9e13a0c930d36076b5742e17f948dc85d9bc6ace90e58052756c8b1ad42700","sha256:1a9e13a0c930d36076b5742e17f948dc85d9bc6ace90e58052756c8b1ad42700","healthy","unless-stopped","codestra_backend","","/secrets/[REDACTED]/middleware-extension-allocator-database-url:/run/secrets/[REDACTED];/secrets/[REDACTED]/middleware_secret:/run/secrets/[REDACTED];/secrets/[REDACTED]/redis_url:/run/secrets/[REDACTED];/secrets/[REDACTED]/webhook_shared_secret:/run/secrets/[REDACTED];/opt/codestra/safety/live-delivery-admission.sh:/usr/local/bin/live-delivery-admission","b3ca9aa458fef843e3065aeff3397c656349f138"
"codestra-middleware-external-webhook-worker-1","middleware-external-webhook-worker","codestra","codestra/middleware:webhook-cert-pg-20260816","sha256:93cbb4a11765ad92e9bbf1a1bb9601f15a540164b4e7d6647cb0f16d588ab6e0","healthy","unless-stopped","codestra-n8n-middleware-staging-control;codestra_backend","","/secrets/[REDACTED]/redis_url:/run/secrets/[REDACTED];/secrets/[REDACTED]/middleware_secret:/run/secrets/[REDACTED];/secrets/[REDACTED]/quarantine-fingerprint-key:/run/secrets/[REDACTED];/secrets/[REDACTED]/n8n-header-token:/run/secrets/[REDACTED];/secrets/[REDACTED]/webhook_shared_secret:/run/secrets/[REDACTED];/secrets/[REDACTED]/quarantine-encryption-key:/run/secrets/[REDACTED];/secrets/[REDACTED]:/run/secrets/[REDACTED];/opt/codestra/safety/live-delivery-admission.sh:/usr/local/bin/live-delivery-admission;/secrets/[REDACTED]/middleware-event-gateway-database-url:/run/secrets/[REDACTED];/secrets/[REDACTED]:/run/secrets/[REDACTED]","4a3ac0b57a61baf63310c55048a7897556faa9a972083b86761e91391ae2317b"
"codestra-middleware-integration-api-1","middleware-integration-api","codestra","ghcr.io/codestra-srl/codestra-middleware@sha256:09d4bd0f7b2376e0a06d3efae27a6642429389fa7e3277791ec0b36584e87175","sha256:09d4bd0f7b2376e0a06d3efae27a6642429389fa7e3277791ec0b36584e87175","healthy","unless-stopped","codestra-identity_identity_service;codestra-internal-integration;codestra-n8n-middleware-staging-control;codestra-odoo19-module-staging_isolated;codestra-provisioning-service_private;codestra_backend;codestra_edge","","/secrets/[REDACTED]/quarantine-fingerprint-key:/run/secrets/[REDACTED];/etc/codestra/pki/internal-integration/ca.crt:/run/secrets/[REDACTED];/secrets/[REDACTED]/quarantine-encryption-key:/run/secrets/[REDACTED];/secrets/[REDACTED]/redis_url:/run/secrets/[REDACTED];/secrets/[REDACTED]/hmac-keys:/run/secrets/[REDACTED]/hmac-keys;/secrets/[REDACTED]:/run/secrets/[REDACTED];/secrets/[REDACTED]/postly/postiz_api_key:/run/secrets/[REDACTED];/secrets/[REDACTED]/provisioning/client_secret:/run/secrets/[REDACTED]/client_secret;/secrets/[REDACTED]/quarantine-reviewer-key:/run/secrets/[REDACTED];/opt/codestra/safety/live-delivery-admission.sh:/usr/local/bin/live-delivery-admission;/secrets/[REDACTED]/middleware-client-secret:/run/secrets/[REDACTED];/secrets/[REDACTED]/odoo_identity_hmac:/run/secrets/[REDACTED]/identity_hmac;/secrets/[REDACTED]/odoo-results-client-secret:/run/secrets/[REDACTED];/secrets/[REDACTED]/provisioning/ca.crt:/run/secrets/[REDACTED]/ca.crt;/secrets/[REDACTED]/webhook_shared_secret:/run/secrets/[REDACTED];/secrets/[REDACTED]/middleware-integration-api-database-url:/run/secrets/[REDACTED];/secrets/[REDACTED]/middleware_secret:/run/secrets/[REDACTED];/secrets/[REDACTED]/runtime-hmac:/run/secrets/[REDACTED]","35448ef85ae56db3651a72b61db8e242b7aacd2e"
"codestra-middleware-n8n-runtime-worker-1","middleware-n8n-runtime-worker","codestra","codestra/middleware@sha256:1a9e13a0c930d36076b5742e17f948dc85d9bc6ace90e58052756c8b1ad42700","sha256:1a9e13a0c930d36076b5742e17f948dc85d9bc6ace90e58052756c8b1ad42700","healthy","unless-stopped","codestra-n8n-middleware-staging-control;codestra_backend","","/secrets/[REDACTED]/middleware_secret:/run/secrets/[REDACTED];/secrets/[REDACTED]/runtime-hmac:/run/secrets/[REDACTED];/secrets/[REDACTED]/redis_url:/run/secrets/[REDACTED];/secrets/[REDACTED]/webhook_shared_secret:/run/secrets/[REDACTED];/opt/codestra/safety/live-delivery-admission.sh:/usr/local/bin/live-delivery-admission;/secrets/[REDACTED]/middleware-integration-api-database-url:/run/secrets/[REDACTED]","b3ca9aa458fef843e3065aeff3397c656349f138"
"codestra-middleware-notification-worker-1","middleware-notification-worker","codestra","ghcr.io/codestra-srl/codestra-middleware@sha256:73fe86858d7a9303bbb151c77097aa43c0739e71c4781636e7db81dd4eadbf98","sha256:73fe86858d7a9303bbb151c77097aa43c0739e71c4781636e7db81dd4eadbf98","healthy","unless-stopped","codestra_backend","","/secrets/[REDACTED]/middleware_secret:/run/secrets/[REDACTED];/secrets/[REDACTED]/redis_url:/run/secrets/[REDACTED];/secrets/[REDACTED]/webhook_shared_secret:/run/secrets/[REDACTED];/opt/codestra/safety/live-delivery-admission.sh:/usr/local/bin/live-delivery-admission;/secrets/[REDACTED]/internal_token:/run/secrets/[REDACTED];/secrets/[REDACTED]/middleware-notification-worker-database-url:/run/secrets/[REDACTED]","9118e5bc01f9ce4a52add8753c096d061cd84848"
"codestra-middleware-odoo-result-worker-1","middleware-odoo-result-worker","codestra","ghcr.io/codestra-srl/codestra-middleware@sha256:ab74b9eb56c9625597476ab6669b065b471314c912cb2d4677118de230e3d4e2","sha256:ab74b9eb56c9625597476ab6669b065b471314c912cb2d4677118de230e3d4e2","healthy","unless-stopped","codestra-identity_identity_service;codestra-internal-integration;codestra_backend","","/secrets/[REDACTED]/middleware-odoo-result-worker-database-url:/run/secrets/[REDACTED];/etc/codestra/pki/internal-integration/ca.crt:/run/secrets/[REDACTED];/secrets/[REDACTED]/middleware_secret:/run/secrets/[REDACTED];/secrets/[REDACTED]/odoo-results-client-secret:/run/secrets/[REDACTED];/secrets/[REDACTED]/redis_url:/run/secrets/[REDACTED];/secrets/[REDACTED]/registry-snapshot-key:/run/secrets/[REDACTED];/secrets/[REDACTED]/webhook_shared_secret:/run/secrets/[REDACTED];/opt/codestra/safety/live-delivery-admission.sh:/usr/local/bin/live-delivery-admission","d30babd35b7b82aab312f16940f5b8d2f7797f1d"
"codestra-middleware-pjsip-adapter-1","middleware-pjsip-adapter","codestra","codestra/middleware@sha256:1a9e13a0c930d36076b5742e17f948dc85d9bc6ace90e58052756c8b1ad42700","sha256:1a9e13a0c930d36076b5742e17f948dc85d9bc6ace90e58052756c8b1ad42700","healthy","unless-stopped","codestra_backend;codestra_edge","","/secrets/[REDACTED]/middleware-pjsip-adapter-database-url:/run/secrets/[REDACTED];/secrets/[REDACTED]/middleware_secret:/run/secrets/[REDACTED];/secrets/[REDACTED]/redis_url:/run/secrets/[REDACTED];/secrets/[REDACTED]:/run/secrets/[REDACTED];/secrets/[REDACTED]/webhook_shared_secret:/run/secrets/[REDACTED];/opt/codestra/safety/live-delivery-admission.sh:/usr/local/bin/live-delivery-admission","b3ca9aa458fef843e3065aeff3397c656349f138"
"codestra-middleware-policy-engine-1","middleware-policy-engine","codestra","codestra/middleware@sha256:1a9e13a0c930d36076b5742e17f948dc85d9bc6ace90e58052756c8b1ad42700","sha256:1a9e13a0c930d36076b5742e17f948dc85d9bc6ace90e58052756c8b1ad42700","healthy","unless-stopped","codestra_backend;codestra_edge","","/opt/codestra/safety/live-delivery-admission.sh:/usr/local/bin/live-delivery-admission;/secrets/[REDACTED]/middleware-policy-engine-database-url:/run/secrets/[REDACTED];/secrets/[REDACTED]/middleware_secret:/run/secrets/[REDACTED];/secrets/[REDACTED]/redis_url:/run/secrets/[REDACTED];/secrets/[REDACTED]/webhook_shared_secret:/run/secrets/[REDACTED]","b3ca9aa458fef843e3065aeff3397c656349f138"
"codestra-middleware-postly-polling-worker-1","middleware-postly-polling-worker","codestra","codestra/middleware@sha256:d3ac2b34d216064bc579feedca9cc2d4079ebe44943a6417ab31437c79df8dd8","sha256:d3ac2b34d216064bc579feedca9cc2d4079ebe44943a6417ab31437c79df8dd8","healthy","unless-stopped","codestra_backend;codestra_edge","","/secrets/[REDACTED]/postly/postiz_api_key:/run/secrets/[REDACTED];/secrets/[REDACTED]/redis_url:/run/secrets/[REDACTED];/secrets/[REDACTED]/webhook_shared_secret:/run/secrets/[REDACTED];/opt/codestra/safety/live-delivery-admission.sh:/usr/local/bin/live-delivery-admission;/etc/codestra/mtls/clients/scraper:/run/codestra-mtls/scraper;/secrets/[REDACTED]/middleware-integration-api-database-url:/run/secrets/[REDACTED];/secrets/[REDACTED]/middleware_secret:/run/secrets/[REDACTED]","b3ca9aa458fef843e3065aeff3397c656349f138"
"codestra-middleware-reconciliation-worker-1","middleware-reconciliation-worker","codestra","codestra/middleware@sha256:1a9e13a0c930d36076b5742e17f948dc85d9bc6ace90e58052756c8b1ad42700","sha256:1a9e13a0c930d36076b5742e17f948dc85d9bc6ace90e58052756c8b1ad42700","healthy","unless-stopped","codestra_backend","","/secrets/[REDACTED]/middleware-reconciliation-worker-database-url:/run/secrets/[REDACTED];/secrets/[REDACTED]/middleware_secret:/run/secrets/[REDACTED];/secrets/[REDACTED]/redis_url:/run/secrets/[REDACTED];/secrets/[REDACTED]/webhook_shared_secret:/run/secrets/[REDACTED];/opt/codestra/safety/live-delivery-admission.sh:/usr/local/bin/live-delivery-admission","b3ca9aa458fef843e3065aeff3397c656349f138"
"codestra-middleware-scheduler-1","middleware-scheduler","codestra","ghcr.io/codestra-srl/codestra-middleware@sha256:73fe86858d7a9303bbb151c77097aa43c0739e71c4781636e7db81dd4eadbf98","sha256:73fe86858d7a9303bbb151c77097aa43c0739e71c4781636e7db81dd4eadbf98","healthy","unless-stopped","codestra_backend","","/opt/codestra/safety/live-delivery-admission.sh:/usr/local/bin/live-delivery-admission;/secrets/[REDACTED]/middleware-scheduler-database-url:/run/secrets/[REDACTED];/secrets/[REDACTED]/middleware_secret:/run/secrets/[REDACTED];/secrets/[REDACTED]/redis_url:/run/secrets/[REDACTED];/secrets/[REDACTED]/webhook_shared_secret:/run/secrets/[REDACTED]","9118e5bc01f9ce4a52add8753c096d061cd84848"
"codestra-middleware-scraper-odoo-delivery-worker-1","middleware-scraper-odoo-delivery-worker","codestra","codestra/middleware@sha256:55dfe9ddfa8bfa94a9202284cb5276311e009066784bbde5dc05d5e1c3776492","sha256:55dfe9ddfa8bfa94a9202284cb5276311e009066784bbde5dc05d5e1c3776492","healthy","unless-stopped","codestra_backend","","/secrets/[REDACTED]/middleware-integration-api-database-url:/run/secrets/[REDACTED];/secrets/[REDACTED]/redis_url:/run/secrets/[REDACTED];/opt/codestra/safety/live-delivery-admission.sh:/usr/local/bin/live-delivery-admission","bab6f4332fec77611f6a364fd3c9c7f9cc022051"
"codestra-middleware-social-n8n-delivery-worker-1","middleware-social-n8n-delivery-worker","codestra","codestra/middleware@sha256:1a9e13a0c930d36076b5742e17f948dc85d9bc6ace90e58052756c8b1ad42700","sha256:1a9e13a0c930d36076b5742e17f948dc85d9bc6ace90e58052756c8b1ad42700","healthy","unless-stopped","codestra_backend","","/secrets/[REDACTED]/webhook_shared_secret:/run/secrets/[REDACTED];/opt/codestra/safety/live-delivery-admission.sh:/usr/local/bin/live-delivery-admission;/secrets/[REDACTED]/middleware-integration-api-database-url:/run/secrets/[REDACTED];/secrets/[REDACTED]/middleware_secret:/run/secrets/[REDACTED];/secrets/[REDACTED]/redis_url:/run/secrets/[REDACTED]","b3ca9aa458fef843e3065aeff3397c656349f138"
"codestra-middleware-staging-callback-staging-1","callback-staging","codestra-middleware-staging","codestra/middleware:current-hardened-20260723","sha256:57a4a3a22278aa61bc443910927a308d594db287b8e2cd500ee12293e8a93f4d","healthy","unless-stopped","codestra-n8n-staging_edge","","/opt/codestra/middleware-staging/staging_callback_receiver.py:/app/staging_callback_receiver.py;codestra-middleware-staging_callback_data:/data;/secrets/[REDACTED]/callback_hmac:/run/secrets/[REDACTED];/secrets/[REDACTED]/tls:/run/tls","f1c07e0-reprofix2"
"codestra-middleware-staging-middleware-staging-1","middleware-staging","codestra-middleware-staging","codestra/middleware:staging-b29db772","sha256:b81c125296effc17a33258212d9a71a3c427a972fa9783ec2c060109d167408f","healthy","unless-stopped","codestra-identity-staging_service;codestra-middleware-staging_backend;codestra-n8n-middleware-staging-control;codestra-n8n-staging_edge","127.0.0.1:31883->8095/tcp","/secrets/[REDACTED]/social/postly_callback_hmac:/run/secrets/[REDACTED];/secrets/[REDACTED]/vicidial-adapter-hmac:/run/secrets/[REDACTED];/secrets/[REDACTED]/vicidial-mtls:/run/secrets/[REDACTED];/opt/codestra/staging/o19-s1/certs/caddy-root.crt:/run/secrets/[REDACTED];/secrets/[REDACTED]/n8n-internal-auth/token:/run/secrets/[REDACTED];/opt/codestra/secrets/[REDACTED]/middleware_client_secret:/run/secrets/[REDACTED];/secrets/[REDACTED]/outbox_signature_secret:/run/secrets/[REDACTED];/secrets/[REDACTED]/postly/postiz_api_key:/run/secrets/[REDACTED];/secrets/[REDACTED]/redis-auth/redis_url:/run/secrets/[REDACTED];/secrets/[REDACTED]/n8n-internal-auth/header_name:/run/secrets/[REDACTED]","unknown"
"codestra-middleware-staging-notification-worker-staging-1","notification-worker-staging","codestra-middleware-staging","codestra/middleware:staging-preflight-n8n-auth-20260801","sha256:ed7accf6d1f9ad7d84f43deba8caa0d58f8c40709c7b54d622d70df56b1f2386","none","unless-stopped","codestra-identity-staging_service;codestra-middleware-staging_backend;codestra-n8n-staging_edge","","/opt/codestra/staging/o19-s1/certs/caddy-root.crt:/run/secrets/[REDACTED];/opt/codestra/secrets/[REDACTED]/middleware_client_secret:/run/secrets/[REDACTED];/secrets/[REDACTED]/outbox_signature_secret:/run/secrets/[REDACTED];/secrets/[REDACTED]/redis-auth/redis_url:/run/secrets/[REDACTED];/secrets/[REDACTED]/vicidial-adapter-hmac:/run/secrets/[REDACTED];/secrets/[REDACTED]/vicidial-mtls:/run/secrets/[REDACTED]",""
"codestra-middleware-staging-odoo-result-worker-staging-1","odoo-result-worker-staging","codestra-middleware-staging","codestra/middleware:staging-b29db772","sha256:b81c125296effc17a33258212d9a71a3c427a972fa9783ec2c060109d167408f","none","unless-stopped","codestra-identity-staging_service;codestra-middleware-staging_backend;codestra-n8n-staging_edge","","/opt/codestra/staging/o19-s1/certs/caddy-root.crt:/run/secrets/[REDACTED];/opt/codestra/secrets/[REDACTED]/middleware_client_secret:/run/secrets/[REDACTED];/secrets/[REDACTED]/redis-auth/redis_url:/run/secrets/[REDACTED];/secrets/[REDACTED]/registry-snapshot-key:/run/secrets/[REDACTED]","unknown"
"codestra-middleware-staging-postgres-1","postgres","codestra-middleware-staging","postgres@sha256:ef257d85f76e48da1c64832459b59fcaba1a4dac97bf5d7450c77753542eee94","sha256:ef257d85f76e48da1c64832459b59fcaba1a4dac97bf5d7450c77753542eee94","healthy","unless-stopped","codestra-middleware-staging_backend","","codestra-middleware-staging_postgres_data:/var/lib/postgresql/data",""
"codestra-middleware-staging-redis-1","redis","codestra-middleware-staging","redis@sha256:bb186d083732f669da90be8b0f975a37812b15e913465bb14d845db72a4e3e08","sha256:bb186d083732f669da90be8b0f975a37812b15e913465bb14d845db72a4e3e08","healthy","unless-stopped","codestra-middleware-staging_backend","","codestra-middleware-staging_redis_data:/data;/secrets/[REDACTED]/redis-auth/redis_url:/run/secrets/[REDACTED];/secrets/[REDACTED]/redis-auth/users.acl:/run/secrets/[REDACTED]",""
"codestra-middleware-staging-scheduler-staging-1","scheduler-staging","codestra-middleware-staging","codestra/middleware:staging-preflight-n8n-auth-20260801","sha256:ed7accf6d1f9ad7d84f43deba8caa0d58f8c40709c7b54d622d70df56b1f2386","none","unless-stopped","codestra-middleware-staging_backend","","/secrets/[REDACTED]/outbox_signature_secret:/run/secrets/[REDACTED];/secrets/[REDACTED]/redis-auth/redis_url:/run/secrets/[REDACTED]",""
"codestra-middleware-staging-scraper-odoo-delivery-worker-1","scraper-odoo-delivery-worker","codestra-middleware-staging","codestra/middleware:scraper-protected-main-4780bd72","sha256:dc97c48f3a29690635bf28de9f3d2562fac2dadb74b8744ea6e99c1bd4ffcda1","none","unless-stopped","codestra-middleware-staging_backend;codestra-n8n-staging_edge","","/secrets/[REDACTED]/scraper_canary_hmac:/run/secrets/[REDACTED]","4780bd72d1c574af4aed62d374ec50b208e8ea4c"
"codestra-middleware-staging-social-dead-letter-worker-staging-1","social-dead-letter-worker-staging","codestra-middleware-staging","codestra/middleware:social-staging-12cd5fc","sha256:8e4a1afa8ca70a6c9136530074f6f8f1257e9f9a895f705fa50acb6f64b18fe6","none","unless-stopped","codestra-middleware-staging_backend","","/secrets/[REDACTED]/redis-auth/redis_url:/run/secrets/[REDACTED]","unknown"
"codestra-middleware-staging-social-delivery-worker-staging-1","social-delivery-worker-staging","codestra-middleware-staging","codestra/middleware:social-staging-12cd5fc","sha256:8e4a1afa8ca70a6c9136530074f6f8f1257e9f9a895f705fa50acb6f64b18fe6","none","unless-stopped","codestra-middleware-staging_backend","","/secrets/[REDACTED]/redis-auth/redis_url:/run/secrets/[REDACTED]","unknown"
"codestra-middleware-staging-social-reconciliation-worker-staging-1","social-reconciliation-worker-staging","codestra-middleware-staging","codestra/middleware:social-staging-12cd5fc","sha256:8e4a1afa8ca70a6c9136530074f6f8f1257e9f9a895f705fa50acb6f64b18fe6","none","unless-stopped","codestra-middleware-staging_backend","","/secrets/[REDACTED]/redis-auth/redis_url:/run/secrets/[REDACTED]","unknown"
"codestra-middleware-sync-worker-1","middleware-sync-worker","codestra","codestra/middleware@sha256:1a9e13a0c930d36076b5742e17f948dc85d9bc6ace90e58052756c8b1ad42700","sha256:1a9e13a0c930d36076b5742e17f948dc85d9bc6ace90e58052756c8b1ad42700","healthy","unless-stopped","codestra_backend","","/secrets/[REDACTED]/redis_url:/run/secrets/[REDACTED];/secrets/[REDACTED]/webhook_shared_secret:/run/secrets/[REDACTED];/opt/codestra/safety/live-delivery-admission.sh:/usr/local/bin/live-delivery-admission;/secrets/[REDACTED]/middleware-sync-worker-database-url:/run/secrets/[REDACTED];/secrets/[REDACTED]/middleware_secret:/run/secrets/[REDACTED]","b3ca9aa458fef843e3065aeff3397c656349f138"
"codestra-middleware-telephony-provisioning-1","middleware-telephony-provisioning","codestra","codestra/middleware@sha256:1a9e13a0c930d36076b5742e17f948dc85d9bc6ace90e58052756c8b1ad42700","sha256:1a9e13a0c930d36076b5742e17f948dc85d9bc6ace90e58052756c8b1ad42700","healthy","unless-stopped","codestra_backend;codestra_edge","","/opt/codestra/safety/live-delivery-admission.sh:/usr/local/bin/live-delivery-admission;/secrets/[REDACTED]/middleware-telephony-provisioning-database-url:/run/secrets/[REDACTED];/secrets/[REDACTED]/middleware_secret:/run/secrets/[REDACTED];/secrets/[REDACTED]/redis_url:/run/secrets/[REDACTED];/secrets/[REDACTED]:/run/secrets/[REDACTED];/secrets/[REDACTED]/webhook_shared_secret:/run/secrets/[REDACTED]","b3ca9aa458fef843e3065aeff3397c656349f138"
"codestra-middleware-vicidial-adapter-1","middleware-vicidial-adapter","codestra","codestra/middleware@sha256:1a9e13a0c930d36076b5742e17f948dc85d9bc6ace90e58052756c8b1ad42700","sha256:1a9e13a0c930d36076b5742e17f948dc85d9bc6ace90e58052756c8b1ad42700","healthy","unless-stopped","codestra_backend;codestra_edge","","/secrets/[REDACTED]:/run/secrets/[REDACTED];/secrets/[REDACTED]/webhook_shared_secret:/run/secrets/[REDACTED];/opt/codestra/safety/live-delivery-admission.sh:/usr/local/bin/live-delivery-admission;/secrets/[REDACTED]/middleware-vicidial-adapter-database-url:/run/secrets/[REDACTED];/secrets/[REDACTED]/middleware_secret:/run/secrets/[REDACTED];/secrets/[REDACTED]/redis_url:/run/secrets/[REDACTED]","b3ca9aa458fef843e3065aeff3397c656349f138"
"codestra-middleware-webphone-session-issuer-1","middleware-webphone-session-issuer","codestra","ghcr.io/codestra-srl/codestra-middleware@sha256:48dbb4201b4cf8abee1600936a84da52a92969ab124fb44a0007059e75d57e85","sha256:48dbb4201b4cf8abee1600936a84da52a92969ab124fb44a0007059e75d57e85","healthy","unless-stopped","codestra-identity_identity_service;codestra_backend;codestra_edge","","/secrets/[REDACTED]/odoo_identity_hmac:/run/secrets/[REDACTED]/identity_hmac;/secrets/[REDACTED]/provisioning/ca-bundle.crt:/run/secrets/[REDACTED]/ca.crt;/secrets/[REDACTED]/provisioning/client_secret:/run/secrets/[REDACTED]/client_secret;/secrets/[REDACTED]/redis_url:/run/secrets/[REDACTED];/secrets/[REDACTED]/webhook_shared_secret:/run/secrets/[REDACTED];/opt/codestra/safety/live-delivery-admission.sh:/usr/local/bin/live-delivery-admission;/secrets/[REDACTED]/middleware-webphone-session-issuer-database-url:/run/secrets/[REDACTED];/secrets/[REDACTED]/middleware_secret:/run/secrets/[REDACTED]","80954a1ecb4eae49a57a9de245f78fd9a2f825a1"
"codestra-monitoring-alertmanager-1","alertmanager","codestra-monitoring","prom/alertmanager@sha256:9e082985f56f4c8c9f724e18f2288c6708f472e56a5286b8863d080434ea065d","sha256:9e082985f56f4c8c9f724e18f2288c6708f472e56a5286b8863d080434ea065d","healthy","unless-stopped","codestra-monitoring_alerting;codestra-monitoring_monitoring","","/etc/codestra/monitoring/alertmanager.yml:/etc/alertmanager/alertmanager.yml;/opt/codestra/operations/monitoring/templates:/etc/alertmanager/templates;/secrets/[REDACTED]/primary_receiver_url:/run/secrets/[REDACTED];/secrets/[REDACTED]/secondary_receiver_url:/run/secrets/[REDACTED];/secrets/[REDACTED]/recovery_receiver_url:/run/secrets/[REDACTED];/secrets/[REDACTED]/rejected_route_url:/run/secrets/[REDACTED];codestra-monitoring_alertmanager_data:/alertmanager",""
"codestra-monitoring-blackbox-1","blackbox","codestra-monitoring","prom/blackbox-exporter@sha256:e753ff9f3fc458d02cca5eddab5a77e1c175eee484a8925ac7d524f04366c2fc","sha256:e753ff9f3fc458d02cca5eddab5a77e1c175eee484a8925ac7d524f04366c2fc","healthy","unless-stopped","codestra-monitoring_monitoring","","/opt/codestra/operations/monitoring/blackbox.yml:/etc/blackbox/blackbox.yml",""
"codestra-monitoring-cadvisor-1","cadvisor","codestra-monitoring","gcr.io/cadvisor/cadvisor@sha256:3de2bd5203120b866d74a9b283b2ffb8ec382fbf9dc321814700c6ea6f44ec57","sha256:3de2bd5203120b866d74a9b283b2ffb8ec382fbf9dc321814700c6ea6f44ec57","healthy","unless-stopped","codestra-monitoring_monitoring","","/:/rootfs;/sys:/sys;/var/lib/docker:/var/lib/docker;/var/run:/var/run",""
"codestra-monitoring-node-exporter-1","node-exporter","codestra-monitoring","prom/node-exporter@sha256:1b4e4438faca4dd7e001dd445d161a4a2091b0fededa84093b3a8dfeae1f1be0","sha256:1b4e4438faca4dd7e001dd445d161a4a2091b0fededa84093b3a8dfeae1f1be0","healthy","unless-stopped","codestra-monitoring_monitoring","","/:/host;/run/dbus/system_bus_socket:/run/dbus/system_bus_socket",""
"codestra-monitoring-prometheus-1","prometheus","codestra-monitoring","prom/prometheus@sha256:3c42b892cf723fa54d2f262c37a0e1f80aa8c8ddb1da7b9b0df9455a35a7f893","sha256:3c42b892cf723fa54d2f262c37a0e1f80aa8c8ddb1da7b9b0df9455a35a7f893","healthy","unless-stopped","codestra-monitoring_alerting;codestra-monitoring_monitoring;codestra_backend","","codestra-monitoring_prometheus_data:/prometheus;/opt/codestra/operations/monitoring/prometheus.yml:/etc/prometheus/prometheus.yml;/opt/codestra/operations/monitoring/rules:/etc/prometheus/rules;/secrets/[REDACTED]/staging_metrics_client_secret:/run/secrets/[REDACTED]",""
"codestra-monitoring-receiver-receiver-1","receiver","codestra-monitoring-receiver","codestra-monitoring-receiver-receiver","sha256:260fef5b0c1d8eafa29b661612511bdc3b869851b8a36d41a6cdfb5498f23ab4","healthy","unless-stopped","codestra_edge","","codestra-monitoring-receiver_receiver_data:/data;/secrets/[REDACTED]/receiver_bearer:/run/secrets/[REDACTED];/secrets/[REDACTED]/receiver_hmac:/run/secrets/[REDACTED]",""
"codestra-monitoring-redis-exporter-1","redis-exporter","codestra-monitoring","docker.io/oliver006/redis_exporter@sha256:178f95efe97b733ab10e8721c54bee838c125e1e666734dc27a956886fff7a8a","sha256:178f95efe97b733ab10e8721c54bee838c125e1e666734dc27a956886fff7a8a","healthy","unless-stopped","codestra-monitoring_monitoring;codestra_backend","","/secrets/[REDACTED]/redis_exporter_password:/run/secrets/[REDACTED]","9edec39c3a9a88148eebafb835629d07e0a647b8"
"codestra-n8n-1","n8n","codestra","n8nio/n8n@sha256:11524034450080bd0032754892b23ff20be43d72cf320ce75640f7c5475fdca8","sha256:11524034450080bd0032754892b23ff20be43d72cf320ce75640f7c5475fdca8","healthy","unless-stopped","codestra-internal-integration;codestra_backend;codestra_edge","","codestra_n8n_data:/home/node/.n8n;/secrets/[REDACTED]/n8n_db_password:/run/secrets/[REDACTED];/secrets/[REDACTED]/n8n_encryption_key:/run/secrets/[REDACTED];/opt/codestra/safety/live-delivery-admission.sh:/usr/local/bin/live-delivery-admission",""
"codestra-n8n-internal-proxy","n8n-internal-proxy","codestra-internal-n8n","codestra/caddy:2.11.4-hardened-20260723","sha256:269c6bd9b2713a27f8dc34a19a904bb0ba9d8f0f1564913576becd24779674d5","healthy","unless-stopped","codestra-internal-integration;codestra_backend","","/opt/codestra/middleware/deploy/internal-n8n-private/Caddyfile:/etc/caddy/Caddyfile;/etc/codestra/pki/internal-integration/ca.crt:/run/secrets/[REDACTED];/etc/codestra/pki/internal-integration/n8n.crt:/run/secrets/[REDACTED];/etc/codestra/pki/internal-integration/n8n.key:/run/secrets/[REDACTED]",""
"codestra-n8n-staging-n8n-1","n8n","codestra-n8n-staging","n8nio/n8n@sha256:cfe2704ff858395503d42548206c2c99ea351a205e941063a9d9b77b0f404478","sha256:cfe2704ff858395503d42548206c2c99ea351a205e941063a9d9b77b0f404478","healthy","unless-stopped","codestra-n8n-middleware-staging-control;codestra-n8n-staging_backend;codestra-n8n-staging_edge;codestra-provisioning-service_private","","/secrets/[REDACTED]/files/n8n_db_password:/run/secrets/[REDACTED];/secrets/[REDACTED]/files/n8n_encryption_key:/run/secrets/[REDACTED];/secrets/[REDACTED]/files/n8n_jwt_secret:/run/secrets/[REDACTED];/secrets/[REDACTED]/redis-auth/password:/run/secrets/[REDACTED];/secrets/[REDACTED]/redis-auth/username:/run/secrets/[REDACTED];/opt/codestra/n8n-staging/workflows:/staging-import;/opt/codestra/n8n-staging/scripts/redis-secret-entrypoint.sh:/usr/local/bin/redis-secret-entrypoint.sh;codestra-n8n-staging_n8n_data:/home/node/.n8n",""
"codestra-n8n-staging-postgres-1","postgres","codestra-n8n-staging","postgres@sha256:ef257d85f76e48da1c64832459b59fcaba1a4dac97bf5d7450c77753542eee94","sha256:ef257d85f76e48da1c64832459b59fcaba1a4dac97bf5d7450c77753542eee94","healthy","unless-stopped","codestra-n8n-staging_backend","","/secrets/[REDACTED]/files/n8n_db_password:/run/secrets/[REDACTED];codestra-n8n-staging_postgres_data:/var/lib/postgresql/data",""
"codestra-n8n-staging-redis-1","redis","codestra-n8n-staging","redis@sha256:bb186d083732f669da90be8b0f975a37812b15e913465bb14d845db72a4e3e08","sha256:bb186d083732f669da90be8b0f975a37812b15e913465bb14d845db72a4e3e08","healthy","unless-stopped","codestra-n8n-staging_backend","","codestra-n8n-staging_queue_redis_data:/data;/secrets/[REDACTED]/redis-auth/password:/run/secrets/[REDACTED];/secrets/[REDACTED]/redis-auth/username:/run/secrets/[REDACTED];/secrets/[REDACTED]/redis-auth/users.acl:/run/secrets/[REDACTED]",""
"codestra-n8n-staging-webhook-1","webhook","codestra-n8n-staging","n8nio/n8n@sha256:cfe2704ff858395503d42548206c2c99ea351a205e941063a9d9b77b0f404478","sha256:cfe2704ff858395503d42548206c2c99ea351a205e941063a9d9b77b0f404478","healthy","unless-stopped","codestra-n8n-middleware-staging-control;codestra-n8n-staging_backend;codestra-n8n-staging_edge;codestra-provisioning-service_private","","/secrets/[REDACTED]/files/n8n_jwt_secret:/run/secrets/[REDACTED];/secrets/[REDACTED]/redis-auth/password:/run/secrets/[REDACTED];/secrets/[REDACTED]/redis-auth/username:/run/secrets/[REDACTED];/opt/codestra/n8n-staging/scripts/redis-secret-entrypoint.sh:/usr/local/bin/redis-secret-entrypoint.sh;codestra-n8n-staging_n8n_data:/home/node/.n8n;/secrets/[REDACTED]/files/n8n_db_password:/run/secrets/[REDACTED];/secrets/[REDACTED]/files/n8n_encryption_key:/run/secrets/[REDACTED]",""
"codestra-n8n-staging-worker-1","worker","codestra-n8n-staging","n8nio/n8n@sha256:cfe2704ff858395503d42548206c2c99ea351a205e941063a9d9b77b0f404478","sha256:cfe2704ff858395503d42548206c2c99ea351a205e941063a9d9b77b0f404478","healthy","unless-stopped","codestra-n8n-middleware-staging-control;codestra-n8n-staging_backend;codestra-n8n-staging_edge;codestra-provisioning-service_private","","/opt/codestra/n8n-staging/scripts/redis-secret-entrypoint.sh:/usr/local/bin/redis-secret-entrypoint.sh;codestra-n8n-staging_n8n_data:/home/node/.n8n;/secrets/[REDACTED]/files/n8n_db_password:/run/secrets/[REDACTED];/secrets/[REDACTED]/files/n8n_encryption_key:/run/secrets/[REDACTED];/secrets/[REDACTED]/files/n8n_jwt_secret:/run/secrets/[REDACTED];/secrets/[REDACTED]/redis-auth/password:/run/secrets/[REDACTED];/secrets/[REDACTED]/redis-auth/username:/run/secrets/[REDACTED]",""
"codestra-n8n-staging-worker-2-1","worker-2","codestra-n8n-staging","n8nio/n8n@sha256:cfe2704ff858395503d42548206c2c99ea351a205e941063a9d9b77b0f404478","sha256:cfe2704ff858395503d42548206c2c99ea351a205e941063a9d9b77b0f404478","healthy","unless-stopped","codestra-n8n-middleware-staging-control;codestra-n8n-staging_backend;codestra-n8n-staging_edge;codestra-provisioning-service_private","","codestra-n8n-staging_n8n_data:/home/node/.n8n;/secrets/[REDACTED]/files/n8n_db_password:/run/secrets/[REDACTED];/secrets/[REDACTED]/files/n8n_encryption_key:/run/secrets/[REDACTED];/secrets/[REDACTED]/files/n8n_jwt_secret:/run/secrets/[REDACTED];/secrets/[REDACTED]/redis-auth/password:/run/secrets/[REDACTED];/secrets/[REDACTED]/redis-auth/username:/run/secrets/[REDACTED];/opt/codestra/n8n-staging/scripts/redis-secret-entrypoint.sh:/usr/local/bin/redis-secret-entrypoint.sh",""
"codestra-odoo-1","odoo","codestra","odoo@sha256:f54272f31d5f77e4146b887efb3761c98480317daf687e4b4b5e76ed8bcc08c5","sha256:f54272f31d5f77e4146b887efb3761c98480317daf687e4b4b5e76ed8bcc08c5","healthy","unless-stopped","codestra-identity_identity_service;codestra-internal-integration;codestra_backend;codestra_edge","","/secrets/[REDACTED]/odoo_db_password:/run/secrets/[REDACTED];/opt/codestra/scripts/odoo-secret-entrypoint.sh:/usr/local/bin/odoo-secret-entrypoint.sh;/opt/codestra/releases/odoo-addons/67c0b02:/mnt/breero-addons;/opt/codestra/releases/odoo-addons/91e22ef4e69e624142bb3865b16c43a14e8b69d6/call_center_campaign:/mnt/call-center-addons/call_center_campaign;/home/codestra-admin/releases/odoo-callback-1e450061b3db/call_center_campaign:/mnt/extra-addons/call_center_campaign;/home/codestra-admin/releases/odoo-callback-1e450061b3db/codestra_appointments:/mnt/extra-addons/codestra_appointments;/secrets/[REDACTED]/client_secret:/run/secrets/[REDACTED];codestra_odoo_data:/var/lib/odoo;/opt/codestra/config/odoo:/etc/odoo;/opt/codestra/releases/odoo-addons/91e22ef4e69e624142bb3865b16c43a14e8b69d6:/mnt/call-center-addons;/opt/codestra/odoo-addons:/mnt/extra-addons;/opt/codestra/releases/odoo-addons/91e22ef4e69e624142bb3865b16c43a14e8b69d6/ci_addons:/mnt/integration-addons",""
"codestra-odoo-internal-proxy","odoo-internal-proxy","codestra-odoo-internal-proxy","codestra/caddy:2.11.4-hardened-20260723","sha256:269c6bd9b2713a27f8dc34a19a904bb0ba9d8f0f1564913576becd24779674d5","healthy","unless-stopped","codestra-internal-integration;codestra_backend","","/etc/codestra/pki/internal-integration/ca.crt:/run/secrets/[REDACTED];/etc/codestra/pki/internal-integration/odoo.crt:/run/secrets/[REDACTED];/etc/codestra/pki/internal-integration/odoo.key:/run/secrets/[REDACTED];/opt/codestra/middleware/deploy/internal-odoo/Caddyfile:/etc/caddy/Caddyfile",""
"codestra-odoo-staging-odoo-staging-1","odoo-staging","codestra-odoo-staging","odoo@sha256:f54272f31d5f77e4146b887efb3761c98480317daf687e4b4b5e76ed8bcc08c5","sha256:f54272f31d5f77e4146b887efb3761c98480317daf687e4b4b5e76ed8bcc08c5","none","unless-stopped","codestra-identity-staging_service;codestra-odoo-staging_staging_internal","","/opt/codestra/staging/o19-s1/source/ci_addons:/mnt/integration-addons;/etc/codestra/staging/o19-s1/odoo-staging.conf:/run/codestra/odoo-staging.conf.source;/etc/codestra/staging/o19-s1/odoo-admin-password:/run/secrets/[REDACTED];/opt/codestra/staging/o19-s1/certs/caddy-root.crt:/etc/ssl/certs/codestra-caddy-root.crt;/opt/codestra/staging/o19-s1/source:/mnt/call-center-addons;4fb2eacfe94657ca484efb2c049c959d4a8250953eaddf4aebdd9e24c0ff4703:/mnt/extra-addons;/etc/codestra/staging/o19-s1/postgres-password:/run/secrets/[REDACTED];/opt/codestra/staging/o19-s1/staging-entrypoint.sh:/usr/local/sbin/codestra-staging-entrypoint;codestra-odoo-staging_odoo_data:/var/lib/odoo",""
"codestra-odoo-staging-postgres-staging-1","postgres-staging","codestra-odoo-staging","postgres:17-alpine","sha256:742f40ea20b9ff2ff31db5458d127452988a2164df9e17441e191f3b72252193","healthy","unless-stopped","codestra-odoo-staging_staging_internal","","/etc/codestra/staging/o19-s1/postgres-password:/run/secrets/[REDACTED];codestra-odoo-staging_postgres_data:/var/lib/postgresql/data",""
"codestra-odoo-staging-uat-loopback-proxy-1","uat-loopback-proxy","codestra-odoo-staging","python:3.12-alpine","sha256:6d43704baacd1bfbe7c295d7f13079d5d8104ed33568873133f8fc69980419df","none","unless-stopped","codestra-odoo-staging_staging_internal;codestra-odoo-staging_uat_access","127.0.0.1:19069->19069/tcp","/opt/codestra/staging/o19-s1/uat-loopback-proxy.py:/opt/uat-loopback-proxy.py",""
"codestra-odoo19-identity-menu-staging-postgres-1","postgres","codestra-odoo19-identity-menu-staging","postgres@sha256:ef257d85f76e48da1c64832459b59fcaba1a4dac97bf5d7450c77753542eee94","sha256:ef257d85f76e48da1c64832459b59fcaba1a4dac97bf5d7450c77753542eee94","healthy","unless-stopped","codestra-odoo19-identity-menu-staging_isolated","","/secrets/[REDACTED]/postgres_password:/run/secrets/[REDACTED];codestra-odoo19-identity-menu-staging_postgres_data:/var/lib/postgresql/data",""
"codestra-odoo19-module-staging-callback-tls-1","callback-tls","codestra-odoo19-module-staging","codestra/caddy:2.11.4-hardened-20260723","sha256:269c6bd9b2713a27f8dc34a19a904bb0ba9d8f0f1564913576becd24779674d5","none","unless-stopped","codestra-odoo19-module-staging_isolated;codestra-provisioning-service_private","","/opt/codestra/odoo19-module-staging/Caddyfile.callback:/etc/caddy/Caddyfile;/secrets/[REDACTED]:/run/callback-tls",""
"codestra-odoo19-module-staging-odoo-1","odoo","codestra-odoo19-module-staging","odoo@sha256:f54272f31d5f77e4146b887efb3761c98480317daf687e4b4b5e76ed8bcc08c5","sha256:f54272f31d5f77e4146b887efb3761c98480317daf687e4b4b5e76ed8bcc08c5","healthy","unless-stopped","codestra-identity_identity_service;codestra-odoo19-module-staging_isolated;codestra-provisioning-service_private","","720e5d568c1ee5f0a998e119ff7c93e5a387092f49170bb7191d8b1d97a45a41:/mnt/extra-addons;/opt/codestra/odoo19-vertical-addons:/mnt/vertical-addons;/secrets/[REDACTED]/postgres_password:/run/secrets/[REDACTED];/secrets/[REDACTED]/provisioning_client_secret:/run/secrets/[REDACTED];/root/odoo19-call-center-migration:/mnt/call-center-addons;/opt/codestra/releases/odoo-addons/91e22ef4e69e624142bb3865b16c43a14e8b69d6/call_center_campaign:/mnt/call-center-addons/call_center_campaign;/opt/codestra/releases/odoo-addons/91e22ef4e69e624142bb3865b16c43a14e8b69d6/codestra_mail_inbox:/mnt/staging-mail-inbox-addons/codestra_mail_inbox;/secrets/[REDACTED]/identity_lookup_hmac:/run/secrets/[REDACTED];/opt/codestra/releases/odoo-addons/91e22ef4e69e624142bb3865b16c43a14e8b69d6/call_center_compliance:/mnt/call-center-addons/call_center_compliance;/opt/codestra/releases/odoo-addons/91e22ef4e69e624142bb3865b16c43a14e8b69d6/call_center_orchestration:/mnt/call-center-addons/call_center_orchestration;/root/odoo19-upgrade:/mnt/integration-addons;/secrets/[REDACTED]/odoo_callback_hmac:/run/secrets/[REDACTED];/secrets/[REDACTED]/provisioning_ca.crt:/run/secrets/[REDACTED];codestra-odoo19-module-staging_odoo_data:/var/lib/odoo;/opt/codestra/releases/odoo-addons/91e22ef4e69e624142bb3865b16c43a14e8b69d6/call_center_core:/mnt/call-center-addons/call_center_core;/opt/codestra/releases/odoo-crm-call-followup/3bf43b689da96eb1ab2444c30133a2dc43563be4/odoo_addons/codestra_crm_call_followup:/mnt/crm-call-followup-addons/codestra_crm_call_followup;/opt/codestra/scripts/odoo-secret-entrypoint.sh:/usr/local/bin/odoo-secret-entrypoint.sh;/opt/codestra/releases/odoo-addons/91e22ef4e69e624142bb3865b16c43a14e8b69d6/call_center_lead_validation:/mnt/call-center-addons/call_center_lead_validation",""
"codestra-odoo19-module-staging-postgres-1","postgres","codestra-odoo19-module-staging","postgres@sha256:ef257d85f76e48da1c64832459b59fcaba1a4dac97bf5d7450c77753542eee94","sha256:ef257d85f76e48da1c64832459b59fcaba1a4dac97bf5d7450c77753542eee94","healthy","unless-stopped","codestra-odoo19-module-staging_isolated","","codestra-odoo19-module-staging_postgres_data:/var/lib/postgresql/data;/secrets/[REDACTED]/postgres_password:/run/secrets/[REDACTED]",""
"codestra-odoo19-staging-odoo19-master-staging-1","odoo19-master-staging","codestra-odoo19-staging","odoo@sha256:f54272f31d5f77e4146b887efb3761c98480317daf687e4b4b5e76ed8bcc08c5","sha256:f54272f31d5f77e4146b887efb3761c98480317daf687e4b4b5e76ed8bcc08c5","healthy","unless-stopped","codestra-n8n-staging_edge;codestra-odoo19-staging_backend","","/opt/codestra/odoo19-call-center-addons:/mnt/call-center-addons;124a716fd19bb35800ad3f002409a45249ece62630e39f4321d91ae1372435c5:/mnt/extra-addons;/root/odoo19-upgrade:/mnt/integration-addons;codestra-odoo19-staging_master_odoo_data:/var/lib/odoo",""
"codestra-odoo19-staging-odoo19-scraper-canary-1","odoo19-scraper-canary","codestra-odoo19-staging","odoo@sha256:94a4f480b8039dc9ca2bca9e77e59f97d3311f66e2aad663cf2670be9c66d4ea","sha256:94a4f480b8039dc9ca2bca9e77e59f97d3311f66e2aad663cf2670be9c66d4ea","healthy","unless-stopped","codestra-n8n-staging_edge;codestra-odoo19-staging_backend","","/opt/codestra/staging/odoo-addons-protected-41c90af9:/mnt/extra-addons;/opt/codestra/staging/odoo-addons-reviewed-20260801:/mnt/reviewed-addons;codestra-odoo19-staging_scraper_canary_odoo_data:/var/lib/odoo",""
"codestra-odoo19-staging-odoo19-staging-1","odoo19-staging","codestra-odoo19-staging","odoo@sha256:f54272f31d5f77e4146b887efb3761c98480317daf687e4b4b5e76ed8bcc08c5","sha256:f54272f31d5f77e4146b887efb3761c98480317daf687e4b4b5e76ed8bcc08c5","healthy","unless-stopped","codestra-identity-staging_service;codestra-n8n-staging_edge;codestra-odoo19-staging_backend","","/root/codestra-ai-platform-source-20260801T210000Z/codestra-odoo-addons:/mnt/extra-addons;/opt/codestra/releases/odoo-addons/b6a445f9ca768082d71386b6416fecf2842a05bd:/mnt/r1-addons;/opt/codestra/staging/odoo-addons-reviewed-20260801:/mnt/reviewed-addons;codestra-odoo19-staging_odoo_data:/var/lib/odoo",""
"codestra-odoo19-staging-postgres-1","postgres","codestra-odoo19-staging","postgres@sha256:ef257d85f76e48da1c64832459b59fcaba1a4dac97bf5d7450c77753542eee94","sha256:ef257d85f76e48da1c64832459b59fcaba1a4dac97bf5d7450c77753542eee94","healthy","unless-stopped","codestra-odoo19-staging_backend","","codestra-odoo19-staging_postgres_data:/var/lib/postgresql/data",""
"codestra-operations-dashboard-grafana-grafana-1","grafana","codestra-operations-dashboard-grafana","grafana/grafana:13.2.0@sha256:3fd54ae1214669f8355f065ec9f6445d5279a3d77095ab048ca045685272429b","sha256:3fd54ae1214669f8355f065ec9f6445d5279a3d77095ab048ca045685272429b","healthy","unless-stopped","codestra-monitoring_monitoring","127.0.0.1:3000->3000/tcp","/home/codestra-admin/operations-dashboard-grafana/dashboards:/etc/grafana/codestra-dashboards;/home/codestra-admin/operations-dashboard-grafana/provisioning:/etc/grafana/provisioning;/home/codestra-admin/operations-dashboard-grafana/secrets/[REDACTED]:/run/secrets/[REDACTED];codestra-operations-dashboard-grafana_grafana-data:/var/lib/grafana",""
"codestra-operations-dashboard-staging-v2-middleware-1","middleware","codestra-operations-dashboard-staging-v2","ghcr.io/appolon1908-hue/codestra-middleware@sha256:cacf169b00cfd95928d192935592a39bcc759f0da7424531a8ba29e7e36c09f0","sha256:cacf169b00cfd95928d192935592a39bcc759f0da7424531a8ba29e7e36c09f0","healthy","unless-stopped","codestra-monitoring_monitoring;codestra-operations-dashboard-staging_identity_egress;codestra-operations-dashboard-staging_private","","/home/codestra-admin/.local/share/codestra/staging/operations-dashboard-v2/tls/combined-ca-certificates.crt:/etc/ssl/certs/ca-certificates.crt","eaf3967ee050a5beb3400ae50fe2ba5fe0ab2a94"
"codestra-operations-dashboard-staging-v2-postgres-1","postgres","codestra-operations-dashboard-staging-v2","postgres:17-alpine@sha256:18cfe3ef5e6815560c98237d6216d1e5119702fb0f3894c8785dd58b8bbe5d73","sha256:18cfe3ef5e6815560c98237d6216d1e5119702fb0f3894c8785dd58b8bbe5d73","healthy","unless-stopped","codestra-operations-dashboard-staging_private","","/home/codestra-admin/.local/share/codestra/staging/operations-dashboard-v2/tls/postgres/server.crt:/run/tls-source/server.crt;/home/codestra-admin/.local/share/codestra/staging/operations-dashboard-v2/tls/postgres/server.key:/run/tls-source/server.key;codestra-operations-dashboard-staging-v2_postgres_data:/var/lib/postgresql/data;codestra-operations-dashboard-staging-v2_postgres_tls:/var/lib/postgresql/tls;/home/codestra-admin/.local/share/codestra/staging/operations-dashboard-v2/secrets/[REDACTED]:/run/secrets/[REDACTED];/home/codestra-admin/.local/share/codestra/staging/operations-dashboard-v2/tls/ca.crt:/run/tls-source/ca.crt;/home/codestra-admin/.local/share/codestra/staging/operations-dashboard-v2/tls/pg_hba.conf:/run/tls-source/pg_hba.conf",""
"codestra-operations-dashboard-staging-v2-redis-1","redis","codestra-operations-dashboard-staging-v2","redis:7.4-alpine@sha256:e7723ff73d963f5cc6d9c4643ea3d989527a402a319239054e9472a7fb9219a2","sha256:e7723ff73d963f5cc6d9c4643ea3d989527a402a319239054e9472a7fb9219a2","healthy","unless-stopped","codestra-operations-dashboard-staging_private","","codestra-operations-dashboard-staging-v2_redis_data:/data;/home/codestra-admin/.local/share/codestra/staging/operations-dashboard-v2/secrets/[REDACTED]:/run/secrets/[REDACTED];/home/codestra-admin/.local/share/codestra/staging/operations-dashboard-v2/tls/ca.crt:/run/tls-source/ca.crt;/home/codestra-admin/.local/share/codestra/staging/operations-dashboard-v2/tls/redis/server.crt:/run/tls-source/server.crt;/home/codestra-admin/.local/share/codestra/staging/operations-dashboard-v2/tls/redis/server.key:/run/tls-source/server.key",""
"codestra-postgres-1","postgres","codestra","postgres@sha256:ef257d85f76e48da1c64832459b59fcaba1a4dac97bf5d7450c77753542eee94","sha256:ef257d85f76e48da1c64832459b59fcaba1a4dac97bf5d7450c77753542eee94","healthy","unless-stopped","codestra_backend","","/secrets/[REDACTED]/postgres_superuser_password:/run/secrets/[REDACTED];/usr/local/sbin/codestra-shared-postgres-stage-wal.sh:/usr/local/sbin/codestra-shared-postgres-stage-wal.sh;codestra_postgres_data:/var/lib/postgresql/data;/var/spool/codestra/postgresql-shared/wal:/var/spool/codestra/postgresql-shared/wal",""
"codestra-private-vicidial-ingress-1","private-vicidial-ingress","codestra","codestra/caddy:2.11.4-hardened-20260723","sha256:269c6bd9b2713a27f8dc34a19a904bb0ba9d8f0f1564913576becd24779674d5","healthy","unless-stopped","codestra_edge","10.40.0.1:443->443/tcp","/opt/codestra/logs/caddy:/var/log/caddy;/opt/codestra/releases/middleware-51416422/deploy/readiness/Caddyfile.private-vicidial-ingress:/etc/caddy/Caddyfile;/opt/codestra/releases/middleware-51416422/deploy/breero/Caddyfile.private-route:/etc/caddy/snippets/breero-private-route;/etc/codestra/pki/middleware-private-ingress:/run/secrets/[REDACTED]",""
"codestra-provisioning-jwks-relay","identity-relay","codestra-provisioning-identity-relay","codestra/provisioning-service@sha256:2ce593371c26db217fa38be8cdbe08ef1798c2973b271e1639b57fb47636d5bf","sha256:2ce593371c26db217fa38be8cdbe08ef1798c2973b271e1639b57fb47636d5bf","healthy","unless-stopped","codestra-identity_identity_service;codestra-provisioning-identity-relay_egress","","","0e7d8893ec7fda96a9ff9b5f91151d3537c28ae7"
"codestra-provisioning-service-provisioning-service-1","provisioning-service","codestra-provisioning-service","codestra/provisioning-service:identity-integration-20260726-v15","sha256:db7dfcf1d8547d9daa9f1e1b7f7f834b0138b95e15fce95345e4e2e1211ed578","healthy","unless-stopped","codestra-identity_identity_service;codestra-provisioning-service_private;codestra-provisioning-service_telephony_private","","codestra-provisioning-service_state:/var/lib/codestra;codestra-provisioning-service_runtime_secrets:/run/provisioning-secrets",""
"codestra-redis-1","redis","codestra","redis@sha256:bb186d083732f669da90be8b0f975a37812b15e913465bb14d845db72a4e3e08","sha256:bb186d083732f669da90be8b0f975a37812b15e913465bb14d845db72a4e3e08","healthy","unless-stopped","codestra_backend","","codestra_redis_data:/data;/secrets/[REDACTED]/redis_middleware_password:/run/secrets/[REDACTED];/secrets/[REDACTED]/redis_middleware_username:/run/secrets/[REDACTED];/secrets/[REDACTED]/redis_password:/run/secrets/[REDACTED];/secrets/[REDACTED]/redis_users_acl:/run/secrets/[REDACTED]",""
"codestra-reseller-portal-oidc-gateway-1","oidc-gateway","codestra-reseller-portal","quay.io/oauth2-proxy/oauth2-proxy@sha256:aa0bd8dd5ab0c78e4c91c92755ad573a5f92241f88138b4141b8ec803463b4fd","sha256:aa0bd8dd5ab0c78e4c91c92755ad573a5f92241f88138b4141b8ec803463b4fd","healthy","unless-stopped","codestra_backend;codestra_edge","","/root/codestra-odoo-middleware-functional/deploy/reseller-portal/oauth2-proxy.cfg:/etc/oauth2-proxy/oauth2-proxy.cfg",""
"codestra-reseller-portal-portal-1","portal","codestra-reseller-portal","codestra-reseller-portal:oidc-tenant-authority-20260816","sha256:7d7cf6318ac122f7e39ab679dec499dc1f6116129765903d44e42c74541ca12e","healthy","unless-stopped","codestra_backend;codestra_edge","127.0.0.1:18081->8080/tcp","/opt/codestra/safety/live-delivery-admission.sh:/usr/local/bin/live-delivery-admission",""
"codestra-reseller-portal-postgres-1","postgres","codestra-reseller-portal","postgres:17-alpine","sha256:742f40ea20b9ff2ff31db5458d127452988a2164df9e17441e191f3b72252193","healthy","unless-stopped","codestra_backend","","codestra-reseller-portal_portal_postgres:/var/lib/postgresql/data",""
"codestra-reviewed-monitoring-postgres-exporter-1","postgres-exporter","codestra-reviewed-monitoring","docker.io/prometheuscommunity/postgres-exporter@sha256:9fca39a4307092387b7de884bed4b62205cb88a6a5fdb423b9a70ea80b34efb3","sha256:9fca39a4307092387b7de884bed4b62205cb88a6a5fdb423b9a70ea80b34efb3","healthy","unless-stopped","codestra-monitoring_monitoring;codestra_backend","","/secrets/[REDACTED]/postgres_exporter_password:/run/secrets/[REDACTED]",""
"codestra-sms-api-api-1","api","codestra-sms-api","codestra-sms-api-api","sha256:49790449a1871a585456fe41bcb52dd614fb56f432907b9f5e7271e54306d6d7","healthy","unless-stopped","codestra_edge;codestra_sms_data","","/etc/codestra/auth-verifiers/sms-gateway-token.sha256:/run/auth-verifiers/sms_gateway_token.sha256;/etc/codestra/mtls/clients/telnexa:/run/codestra-mtls/telnexa;/opt/codestra/safety/live-delivery-admission.sh:/usr/local/bin/live-delivery-admission",""
"codestra-sms-api-event-worker-1","event-worker","codestra-sms-api","codestra-sms-api-event-worker","sha256:65222db1296663c33f1bdac9ef5c8c305d2d4388ddca26e3306776821d2dbee9","healthy","unless-stopped","codestra_edge;codestra_sms_data","","/opt/codestra/safety/live-delivery-admission.sh:/usr/local/bin/live-delivery-admission",""
"codestra-sms-api-postgres-1","postgres","codestra-sms-api","postgres:17-alpine@sha256:ef257d85f76e48da1c64832459b59fcaba1a4dac97bf5d7450c77753542eee94","sha256:ef257d85f76e48da1c64832459b59fcaba1a4dac97bf5d7450c77753542eee94","healthy","unless-stopped","codestra_sms_data","","/opt/codestra/sms-api/migrations:/docker-entrypoint-initdb.d;codestra-sms-api_sms_db_data:/var/lib/postgresql/data",""
"codestra-websocket-gateway-gateway-1","gateway","codestra-websocket-gateway","ghcr.io/codestra-srl/codestra-websocket-gateway@sha256:1c8f28d3627955c0d07f8a3f2e4187edb0770f3a9fc7cbc7dc9d819fcd255ffd","sha256:1c8f28d3627955c0d07f8a3f2e4187edb0770f3a9fc7cbc7dc9d819fcd255ffd","healthy","unless-stopped","codestra-identity_identity_service;codestra_backend;codestra_edge","","/secrets/[REDACTED]/database_url:/run/secrets/[REDACTED];/secrets/[REDACTED]/internal_token:/run/secrets/[REDACTED]","9118e5bc01f9ce4a52add8753c096d061cd84848"
"codestra-websocket-gateway-postgres-1","postgres","codestra-websocket-gateway","postgres:16-alpine@sha256:57c72fd2a128e416c7fcc499958864df5301e940bca0a56f58fddf30ffc07777","sha256:57c72fd2a128e416c7fcc499958864df5301e940bca0a56f58fddf30ffc07777","healthy","unless-stopped","codestra-websocket-replication;codestra_backend","","/secrets/[REDACTED]/postgres_password:/run/secrets/[REDACTED];codestra-websocket-gateway_realtime_postgres:/var/lib/postgresql/data",""
"codestra-websocket-replica-postgres-1","postgres-replica","websocket-streaming-replica","postgres:16-alpine@sha256:57c72fd2a128e416c7fcc499958864df5301e940bca0a56f58fddf30ffc07777","sha256:57c72fd2a128e416c7fcc499958864df5301e940bca0a56f58fddf30ffc07777","healthy","unless-stopped","codestra-websocket-replication","","codestra-websocket-streaming-replica_data:/var/lib/postgresql/data",""
"kong-production-standby-kong-standby-auth-1","kong-standby-auth","kong-production-standby","codestra/kong-standby-auth:20260820","sha256:48b52b06eae0c92b1d4ae45bdee6f3974c684e650933de2391c7a3456602d01f","healthy","unless-stopped","codestra_backend;codestra_edge","","/secrets/[REDACTED]/database-url:/run/secrets/[REDACTED];/secrets/[REDACTED]/webhook-hmac:/run/secrets/[REDACTED];/secrets/[REDACTED]/webhook-key-id:/run/secrets/[REDACTED];kong-production-standby_standby_state:/data",""
"private-integration-gateway-1","gateway","private-integration","private-integration-gateway","sha256:a9a1562f6d7b3557f480c2ffb513bd8bb472a2e0f0f01e0f9aa8bcc6e7fab8a0","healthy","unless-stopped","codestra_edge","10.40.0.1:8095->8080/tcp","private-integration_gateway_data:/data",""
